Portfolio,Avg WACI (tCO2/M$ rev),Avg CF (tCO2/M$ inv),Min CF,Max CF
MV,409.115946514017,283.3353211198155,20.712537654838595,634.8333462807853
MV (0.5),215.05285321627264,141.66766055991047,10.356268827420017,317.41667314039495
VW,429.23079727992496,547.0109821935521,403.4775418213042,670.566147516855
VW (0.5),277.16104223406796,259.12579360127177,29.182400798471466,335.2830737584275
VW (NZ),220.0334513823177,189.26851486589428,28.639865482069013,326.8168088848459
