Portfolio,Avg WACI (tCO2/M$ rev),Avg CF (tCO2/M$ inv),Min CF,Max CF
MV,409.115946514017,283.3353211198155,20.712537654838595,634.8333462807853
MV (0.5),215.05285321627264,141.66766055991047,10.356268827420017,317.41667314039495
VW,429.23079727992496,547.0109821935521,403.4775418213042,670.566147516855
VW (0.5),233.50919329332586,229.16236903292352,81.0908534732934,332.4604025359987
VW (NZ),233.69978337119088,175.26112862780113,47.380427433351656,326.7478817558725
