Portfolio,Avg WACI (tCO2/M$ rev),Avg CF (tCO2/M$ inv),Min CF,Max CF
MV,409.115946514017,283.3353211198155,20.712537654838595,634.8333462807853
MV (0.5),202.76403045127154,141.66766055992693,10.35626882742563,317.4166731412528
VW,429.23079727992496,547.0109821935521,403.4775418213042,670.566147516855
VW (0.5),297.9517803714577,259.126588967134,29.19194536654583,335.28307375835516
VW (NZ),199.8696860426654,163.23055618167425,29.02736759209982,281.29939080562053
