,MV,MV (0.5),VW,VW (0.5),VW (NZ)
2014,112.54053508834834,56.2702675441743,403.4775418213042,29.182400798471466,28.639865482069013
2015,116.52705704780406,58.26352852390227,515.9160610451851,257.9580305245165,326.8168088848459
2016,20.712537654838595,10.356268827420017,425.6228843827011,212.81144219135678,294.1351279879058
2017,40.71024720836911,20.355123604185934,665.0028746034002,332.5014373018474,264.7216151889717
2018,57.07206046352246,28.53603023176075,613.1245771995201,306.56228859978114,238.24945367006225
2019,400.73484558518646,200.3674227926068,542.7340818157821,271.3670409576399,214.42450831288463
2020,211.21902263316102,105.60951131658105,670.566147516855,335.2830737584275,192.98205747275028
2021,253.88714184676547,126.94357092339014,603.5017893543784,301.75089470657065,173.68385172608365
2022,365.54428604457365,182.7721430222859,528.9304667311615,264.4652334020008,156.31546663630868
2023,594.1737755232857,297.0868877616484,507.5056957196227,253.75284787805143,140.6839199046197
2024,634.8333462807853,317.41667314039495,574.5692017896073,287.28460089481865,126.61552790787134
2025,592.0689980611453,296.0344990305749,513.1804643431068,256.59023220177914,113.95397521635836
