Portfolio,Ann. Return,Ann. Volatility,Sharpe Ratio,Min Monthly,Max Monthly
MV,0.07875194570997557,0.10807480359529487,0.7286799798857474,-0.07469915291397239,0.13672730680638168
MV (0.5),0.07332339153529552,0.10466820113415366,0.7005316871866043,-0.07227712498425057,0.1406317580718351
VW,0.08156343209871987,0.1567724004422423,0.520266525668013,-0.16760634465180382,0.13442886725722425
VW (0.5),0.11252460165961908,0.1843343777484657,0.6104374183157796,-0.18228074704656516,0.14284122783345068
VW (NZ),0.11566378184704973,0.18599564230945678,0.6218628587792936,-0.18650820351677197,0.14395246036794213
