Portfolio,Ann. Return,Ann. Volatility,Sharpe Ratio,Min Monthly,Max Monthly
MV,0.07875194570997557,0.10807480359529487,0.7286799798857474,-0.07469915291397239,0.13672730680638168
MV (0.5),0.07332339153529552,0.10466820113415366,0.7005316871866043,-0.07227712498425057,0.1406317580718351
VW,0.08156343209871987,0.1567724004422423,0.520266525668013,-0.16760634465180382,0.13442886725722425
VW (0.5),0.05923689730813385,0.16003313252368678,0.37015395733359213,-0.16809524424946198,0.14324722734598078
VW (NZ),0.05240760587282317,0.15636562088456515,0.3351606675198277,-0.12548028788449028,0.1609568546798209
