Portfolio,Ann. Return,Ann. Volatility,Sharpe Ratio,Min Monthly,Max Monthly
MV,0.07875194729931106,0.10807480368683316,0.7286799939744464,-0.07469915412113819,0.13672730681815004
MV (0.5),0.07171539615636568,0.1028178172566795,0.6974996947983423,-0.06823747780535841,0.1342691205427222
VW,0.08156343209871987,0.1567724004422423,0.520266525668013,-0.16760634465180382,0.13442886725722425
VW (0.5),0.11448155312827238,0.17627037202154297,0.6494656578717662,-0.16834179103883865,0.1449639337948126
VW (NZ),0.13887560257726325,0.18244328735846693,0.7611987516120484,-0.1689259006739568,0.14361062593468146
